post_id,post_text,post_time,post_image,post_image_description,post_url,Unnamed: 6,ocr_text
1474638926797903,"""Mình sẽ cố gắng tiết kiệm""  Tôi khi có tiền:",2023-09-06 20:31:23,,['Có thể là hình ảnh về 1 người và văn bản'],https://m.facebook.com/groups/625122365082901/permalink/1474638926797903/,,['Dibluishx']
3507067906284386,linh ơi là linh 🐧,2023-04-30 12:51:06,,['Không có mô tả ảnh.'],https://m.facebook.com/groups/tiemtaphoameme/permalink/3507067906284386/,,"['Việt Tân', '1,2 triệu người thích Trang này, bao gồm Linh Là Sv', 'Tổ chức cộng đồng', 'XEM TRANG CÁ NHÂN']"
918584235491787,Mong ad duyệt ạ!,2022-01-20 21:04:51,,['Không có mô tả ảnh.'],https://m.facebook.com/groups/vietnammemes/permalink/918584235491787/,,"['Nhìn mặt cũng chiến đấy', 'Thể đã bao giờ ăn', 'thanh long mà bò hạt', 'chưa?']"
6541618795850378,tưởng trúng vé số :)),2023-05-16 13:06:33,,['Không có mô tả ảnh.'],https://m.facebook.com/groups/3162507603761531/permalink/6541618795850378/,,"['SÁNG HÔM', 'ĐÓ , BỐ TÔI', 'CHO 200K', 'TIÊU VẶT THAY', 'VÌ 1ỐK VÀ', 'DẶN TÔI SỐNG', 'CHO THẬT TỐT', 'C', 'CHIỀU', 'HÔM ĐÓ, BỐ', 'TÔI BỎ', 'NHÀ TRỔN NỢ']"
6924221144256806,Hm,2023-09-03 12:50:01,,"[""Có thể là hình ảnh về văn bản cho biết 'con giận con lỡ to tiếng với mẹ mẹ đi chợ về vẫn mua cho nhiều bim bim'""]",https://m.facebook.com/groups/3162507603761531/permalink/6924221144256806/,,"['con giân còn lộ to', 'mẹ đi chợ về vẫn mua', 'cho nhiều bim bim']"
3073801072944407,#stolen,2021-11-02 07:09:56,,['Không có mô tả ảnh.'],https://m.facebook.com/groups/tiemtaphoameme/permalink/3073801072944407/,,"['ICKE', 'EXHALEEE']"
3385082345149610,,2022-11-27 13:52:36,,['Không có mô tả ảnh.'],https://m.facebook.com/groups/tiemtaphoameme/permalink/3385082345149610/,,"['Các nền tảng stream', 'Cái băng hoạt hình cũ', 'bây giờ', 'ở góc nhà', 'hulummu', '5 tubi', 'patv4 r', 'STARZ HAY', 'Bạn đã mất kết nối', 'Đây là đoạn bạn', 'đang xem dở của', '0,3 giây nên tôi', 'không thể tìm được', 'Tom và Jerry 10', 'năm trước', 'đoạn bạn đang xem', 'Vanhgnd', 'We Moke Memes']"
3527972387527271,,2023-05-30 10:51:16,,['Không có mô tả ảnh.'],https://m.facebook.com/groups/tiemtaphoameme/permalink/3527972387527271/,,['Top 5: Anh khong hut thuoc']
1400169414244855,,2023-06-05 20:45:13,,['Không có mô tả ảnh.'],https://m.facebook.com/groups/625122365082901/permalink/1400169414244855/,,"['Top 10:Em yeu anh rat nhieu', 'bat tay hop tac', 'chit phat lu lun', 'nguoi yeu oi', 'yeu minh em duoc ko']"
4675902525835671,,2021-11-12 13:23:37,,['Không có mô tả ảnh.'],https://m.facebook.com/groups/groupnaykhonghevui/permalink/4675902525835671/,,"['VinaPhone', '21:21', '144%', 'VIN', 'Kỷ lục ngủ của mọi người là bao nhiêu', 'giờ mới chịu thức nhỉ?', 'Tôi trước nhé: Từ 7h tối hôm trước đến', '10h tối hôm sau', 'Tổng cộng là 27h (1 lần nhớ mãi trong', 'đời)', 'Thế thì cũng ghê đấy', 'Nhưng ông có được ôm ny ngủ 8 thuy', 'tiếng mỗi ngày k ?', '180', 'Trả lời Xem thêm', '14 phút Haha', '393 bình luận 156 lượt chia sẻ', '8,3K', 'Bình luận', 'Chia sẻ', 'Haha', 'Hai Nguyen', 'me tôi ngủ từ 8 rười ngày 24 tới bây', 'giời', 'Buồn', 'Trả lời', '48']"
3184613225196524,,2022-03-28 22:29:47,,['Không có mô tả ảnh.'],https://m.facebook.com/groups/tiemtaphoameme/permalink/3184613225196524/,,"['TẠP HOÁMEME', 'Nút join to đùng ngay phía dưới']"
3138216189656299,Tội cho thanh niên ấy:)),2023-08-13 10:48:57,,['Không có mô tả ảnh.'],https://m.facebook.com/groups/3004858506325402/permalink/3138216189656299/,,"['THANH NIÊN DUY NHẤT GẦN CÙ', 'SIÊNG NĂNG MÀ DẪN ĂN', '00']"
4118682058144076,Only 600$ to unlock both #TAJ,2021-03-22 18:34:44,,['Không có mô tả ảnh.'],https://m.facebook.com/groups/3162507603761531/permalink/4118682058144076/,,"['Tom and', 'Jerry', 'Memefor', 'Lostsout', 'Tom and', 'G', 'S340', 'Jzarry', 'G', 'S350']"
885065375510340,Tpose,2021-11-27 02:50:46,,['Không có mô tả ảnh.'],https://m.facebook.com/groups/vietnammemes/permalink/885065375510340/,,"['không một ai: - tti vừa nhận ra', 'tập này bọn nào', 'cũng T-posex']"
894503551233189,,2021-12-12 20:14:43,,['Không có mô tả ảnh.'],https://m.facebook.com/groups/vietnammemes/permalink/894503551233189/,,"['2 cái bút của tôi', 'trong giờ học kiểu:']"
3559631964361313,,2023-07-11 22:51:29,,['Không có mô tả ảnh.'],https://m.facebook.com/groups/tiemtaphoameme/permalink/3559631964361313/,,"['Họa sĩ vẽ hentai nam', 'nghiên cứu về ngực', 'để có tài liệu vẽ hàng', 'tiếng đồng hồ', 'Họa sĩ vẽ hentai nữ', 'người có đủ các ttài liệu?', 'để tự vẽ và tự cảm nhận', 'GROUPNAY', 'KHÔNG HÊVUI']"
3084593978531783,#stolen,2021-11-15 19:56:05,,['Không có mô tả ảnh.'],https://m.facebook.com/groups/tiemtaphoameme/permalink/3084593978531783/,,"['Phụ huynh & Giáo viên', 'bây giờ:', 'Cô dám đánh con tôi à? Cô dám', 'dụng vào thận thế ngoài ngh quý', ""Huhu' Chị cho em xin th"", 'mười mấy nắm trời tôi còn chưa', 'lỗi. Mong chị bình tĩnh', 'dám đụng vào một sợi tóc của', 'và tha thứ cho em ại', 'thẳng bé mà cô, một kẻ ngoại tộc', 'Trong bi thu nhiết được thế thiết được người nó', 'sao7 Tôi sẽ kiện cô và cả cái trường', 'này ra cho Toà án xử lí', 'Phụ huynh & Giáo viên', 'ngấy trước:', 'Hibuckodinson', 'hocsinh']"
3054065091584672,True,2021-10-08 05:26:13,,['Không có mô tả ảnh.'],https://m.facebook.com/groups/tiemtaphoameme/permalink/3054065091584672/,,"['Vệ sinh nữ', 'Vệ sinh nam']"
6672504102842160,,2023-08-10 20:29:49,,['Không có mô tả ảnh.'],https://m.facebook.com/groups/groupnaykhonghevui/permalink/6672504102842160/,,"['8:06', 'Troll Cột Dây Vào Ca Tháng Em/Ert', 'Luôn Con Ca', 'Cường Ngố Vlogs P3 Kiew 1 19 19 19 19 19 19 19 19 19 19 1991']"
1517144302547365,Haizzz,2023-11-11 21:21:17,,"[""Có thể là hình ảnh về văn bản cho biết 'Tôi tỏ tình em. Em chụp màn hình gửi cho bạn xem:)) xem'""]",https://m.facebook.com/groups/625122365082901/permalink/1517144302547365/,,"['Tôi tỏ tình em.', 'Em chụp màn hình gửi', 'cho bạn xem :)']"
904094406940770,,2021-12-28 17:11:23,,['Không có mô tả ảnh.'],https://m.facebook.com/groups/vietnammemes/permalink/904094406940770/,,"['BỌN TRỀ THỜI NẠY LẦM', 'SAO BIẾT ĐƯỢC', '40.000 NĂM TRƯỚC VUI', 'NHƯ NÀO']"
4299187723507155,Do Thái nhật bản,2021-07-15 01:57:22,,['Không có mô tả ảnh.'],https://m.facebook.com/groups/groupnaykhonghevui/permalink/4299187723507155/,,"['- Cố thủ trong', 'Lính Nhật:', 'lô cốt%', 'Thuỷ quân lục chiến Mỹ:', 'Chuẩn bị cho Món Thịt', 'Nhật nướng nàoll']"
3142177536106760,,2022-02-01 14:11:31,,['Không có mô tả ảnh.'],https://m.facebook.com/groups/tiemtaphoameme/permalink/3142177536106760/,,"['Mom', 'Tôi', 'Giao tiếp với ho']"
2850169838458038,Tui mờ ê cái cách đó quáaaa đi mấy bà ơi #lennhaminh #moclen #moclenhandmade #bóhoalen #hoalen #quà2010 #meme,2023-10-19 12:42:25,,"[""Có thể là hình ảnh về 1 người và văn bản cho biết 'Mê cái cách mấy anh than hết tiền mà vẫn đặt mấy bó hoa len cho người yêu'""]",https://m.facebook.com/groups/2638581819616842/permalink/2850169838458038/,,"['Mê cái cách mấy anh than hết tiền', 'mà vẫn đặt mấy bó hoa len cho người yêu']"
1444821403112989,Đứa con đáng đồng tiền bác gạo quá :((,2023-08-04 19:31:35,,['Không có mô tả ảnh.'],https://m.facebook.com/groups/625122365082901/permalink/1444821403112989/,,"['va khjem thanh', 'Chp Cup Cut Thử mẫu này vương sa', '73', 'Ở Lack, Đai bư, Amyl', '3 ngày trước', 'Mình đã khóc cả ngày vì bố me ko cho', 'đi concert của Blackpink mình ghét bố', '164', 'mẹ và Vn vì bán giá vé cao tận trời', 'và cứ tranh Tây Sa Nam Sa với Trung', '11', 'Quốc. Làm cho Blackpink phải chịu', 'nhiều lùm sùm về chuyện quần đảo.', 'Nếu có 1 điều ước thì mình sẽ ko', 'cần làm con của thắng cha và', '28', 'của mình, và cũng không sinh tại Vn', 'Atblackpinkinyourareate', 'HConcert', 'Ân']"
1349604342634696,,2023-03-18 00:20:02,,['Không có mô tả ảnh.'],https://m.facebook.com/groups/625122365082901/permalink/1349604342634696/,,['Có bản lĩnh thì làm séc hẹn hò']
4691876017571655,Đc hảo Hán =)))),2021-11-17 13:52:10,,['Không có mô tả ảnh.'],https://m.facebook.com/groups/groupnaykhonghevui/permalink/4691876017571655/,,"['Lry để có nhiều xiễn', '/1 / uuangxom', 'Chứ nghèo lầm rồi', 'Thích', 'Bình luận đ', '52', 'Phù hợp nhất', 'Vũ Thũận', 'Đi cướp bạn oi 01', 'Thích', 'Trà lời', '6 ngày', 'Tác nià', ""Minh Co'n"", 'Vũ Thuận ok b ơi']"
4259472740731673,,2021-05-09 13:24:14,,['Không có mô tả ảnh.'],https://m.facebook.com/groups/3162507603761531/permalink/4259472740731673/,,"['MỘT CÂU CHUYỆN CẢM ĐỘNG', 'Khoảnh khắc anh', 'lính trở về sau', '3 năm đi nghĩa vụ', 'và gặp đứa con', '2 tháng tuổi của', 'minh', 'ARM']"
3080851108906070,Phép màu j đây :))),2021-11-11 07:24:17,,['Không có mô tả ảnh.'],https://m.facebook.com/groups/tiemtaphoameme/permalink/3080851108906070/,,"['CẢNH SÁT NHẬT BẢN BẮ. N ĐẠ. NGON VÀO Ô TÔ', 'CỦA TỘI PHẠM ĐỂ CHÚNG DỄ NHẬN DIỆN KHI TRUY ĐUỔI', 'David', 'ban bỗng nhiên chiếc xe tăng tốc nhanh không tưởng thuy']"
519073653386645,bét fen #cheemplus,2023-01-14 20:00:03,,['Không có mô tả ảnh.'],https://m.facebook.com/groups/109979550962726/permalink/519073653386645/,,"['- Khi bạn tui rủ đi ăn nhưng tui', 'không có tiền', 'Nó:', '""Tao bao""', 'Tui:']"
3147731208704797,Keo con,2023-08-25 18:45:44,,['Có thể là hình vẽ ngẫu hứng về 1 người và văn bản'],https://m.facebook.com/groups/3004858506325402/permalink/3147731208704797/,,"['1', '19', 'ĐỪNG', 'CHM', 'vào Tro', 'THẬT', 'KINH', 'ĐÃ WIBU', 'TỞN', 'CỒN KEO', 'CON.']"
6463219053690353,#mongadduyet Meme tu lam,2023-04-22 21:33:21,,['Không có mô tả ảnh.'],https://m.facebook.com/groups/3162507603761531/permalink/6463219053690353/,,"['Nghe noi em thích an tôm', 'vay de anh cho em an', 'Tôm daymmnh']"
1226875291329345,Chạm để thấy tương lai gần,2023-05-30 21:44:21,,['Không có mô tả ảnh.'],https://m.facebook.com/groups/vietnammemes/permalink/1226875291329345/,,
3285281261796386,,2022-08-01 20:53:55,,['Không có mô tả ảnh.'],https://m.facebook.com/groups/tiemtaphoameme/permalink/3285281261796386/,,"['typical gặp gián', 'kill', 'tỏ ra không sợ', 'gián là con gì', 'xchạy', 'chú chó đang cố bảo', 'La hét hết', 'vệ tôi', 'mức có thể', 'toanbaby']"
1356158668645930,T tốt nha anh em,2023-03-28 19:12:53,,['Không có mô tả ảnh.'],https://m.facebook.com/groups/625122365082901/permalink/1356158668645930/,,"['Lớp tôi mỗi khi tự', 'bình xét hạnh kiểm', 'cá nhân:']"
4034436853235264,,2021-02-22 17:03:23,,['Không có mô tả ảnh.'],https://m.facebook.com/groups/3162507603761531/permalink/4034436853235264/,,"['Thẳng ăn trực nhất lớp', 'bị chuyển lên bàn nhất', 'Nó khi nghe tôi khui bịch snack', 'BUCK']"
5567745899904344,a-anh dong y lam nguoi yeu em nha,2022-07-01 21:30:30,,['Không có mô tả ảnh.'],https://m.facebook.com/groups/3162507603761531/permalink/5567745899904344/,,['moow']
6464819436863648,"meme đầu tay, mong ad duyệt ạ",2023-04-23 10:27:08,,['Không có mô tả ảnh.'],https://m.facebook.com/groups/3162507603761531/permalink/6464819436863648/,,"['Tôi đang cổ giải thích', 'rằng không có cái gì là', 'mày vừa nói ra đấy thôi', 'đúng tuyệt đối cả', 'E']"
3308467079477804,,2022-08-31 18:32:20,,['Không có mô tả ảnh.'],https://m.facebook.com/groups/tiemtaphoameme/permalink/3308467079477804/,,"['Những kiểu người chơi đá bóng thường', 'gặp', 'Pro', 'dân thường', 'Toxic', '- Chơi cho vui', '- Cân đc mọi vị trí trong', 'Thắng thì gáy, thua thì', 'thắng thua ko', 'trận đấu', 'cố gắng bào chữa', '- Hay có highlight trong - Chửi từ đầu trận đến', 'quan trọng', 'các trận đá bóng', 'cuối trận', 'Bao h anh em rù đi đá', 'Thường đc anh em rủ đi - Hay cãi cùn', 'thì đi', 'Thượng đình là chân ái đá kèo với các lớp khác', 'Dự bị', 'Người nhà quê', 'Khán giả', '- Đá là phụ, xem là - Hay đến nhầm sân - Đến xem nhưng ngồi', 'chính', 'Thường có những pha bóp', 'bấm điện thoại', 'Ko đc đá vẫn phải trà nhi', '""ditmetrongtai"""" -))', 'dái đồng đội', 'tiền sân', 'Ngồi ở sân đc 1 lúc thì', 'Đang ngồi yên bị bóng', 'đập vào mặt', 'nhận ra hnay ko phải ngày', 'đá', 'Simp lỏd', 'Chị em phụ nữ', 'Thương binh', 'Bao h đá xong cx', '- Đến sân ngồi chụp - Đến chủ yếu để', 'thương tích đầy người', 'ngắm gái', 'lành up str', 'Hay bị bé Bóng-chan', 'Lúc ở ngoài sân làm', 'Thường là fan đú màu cho các chị em', 'hôn vào mặt', 'Hay chở ny đi đá bóng xem, đến lúc vào đá', 'Sẫn sàng chửi bất kỳ thầng', 'ncc', 'nào lỡ làm ny nó ngã', 'Fan Mờ-U', 'Người trong hang,', 'Chân đất', 'Chó', 'Ăn mày quá khứ', 'gâu gâu ẳng ẳng - Thuộc tầng lớp đáy', '- Địt mẹ thượng đình', 'của xã hội [nên mới', 'anh em tao đi chân đất', 'sẽ cắn nát bóng của', 'Hay bị dẫm vào các vật', 'Tr pế tr pế chống đấy:))', 'bạn', 'thể lạ', 'Bị bật móng chân như 1 - hay ia ở sân bóng', 'thói quen']"
3093516640972850,#stolen,2021-11-27 18:38:30,,['Không có mô tả ảnh.'],https://m.facebook.com/groups/tiemtaphoameme/permalink/3093516640972850/,,"['Đang mở mic học thì mẹ la', '""SAO', 'MÀY ĐI AA KO DỘI CẦU?""', '3 CON BÀN BÊN', 'Mẹ chôn con lun di']"
5586360068042927,MÃI LÀ ANH EM ♥️,2022-07-08 16:47:14,,['Không có mô tả ảnh.'],https://m.facebook.com/groups/3162507603761531/permalink/5586360068042927/,,"['Đi chơi về muộn vợ khóa trái cửa gọi', 'không nghe. May mà thẳng bạn thân', 'ra mở hộ cửa cho vào nhà', '5', 'C', 'a', 'Hội Huynh Đệ']"
3537476633243513,Hồi nhỏ kiểu:,2023-06-12 02:26:56,,['Không có mô tả ảnh.'],https://m.facebook.com/groups/tiemtaphoameme/permalink/3537476633243513/,,"['Con gái', 'S', 'Milo', 'MILO', 'Mình cũng', 'mình thích', 'uống milo', 'vậy', 'Con trai', 'Milo', 'Milo', 'Tao cứ hình', 'Chuẩn', 'con trai tao', 'uống']"
3561279547529888,,2023-07-14 07:30:02,,['Không có mô tả ảnh.'],https://m.facebook.com/groups/tiemtaphoameme/permalink/3561279547529888/,,"['Kiều người chơi uno', 'Thần bài', 'Thua 10 trận', 'Gáy', '-win hộ bố', 'trận nào cũng win', 'chưa bao giờ chia bài', 'Ăn 6 lá cấm', 'Quên uno', 'Nhìn bài thắng khác', '- bị cấm đến hết trận', 'Thẳng trong góc', 'Não to', 'ĂN +4', 'đánh giỏi vi mà', '- tính toán từng lá bài', '- tuyệt vọng lắm dm', 'ko được chơi', 'RUHAD', 'Simp', 'Crush', 'Cái này chơi sao ?', '-giả vờ đánh ngu đề', '- thắng nhờ thắng simp', 'nhường cho crush']"
4910887695590171,,2021-12-06 09:34:33,,['Không có mô tả ảnh.'],https://m.facebook.com/groups/3162507603761531/permalink/4910887695590171/,,"['GREENLAND', 'ICELAND', 'STARECAT.COM']"
3549620838695759,meme nước ốc 2,2023-06-28 19:40:48,,['Không có mô tả ảnh.'],https://m.facebook.com/groups/tiemtaphoameme/permalink/3549620838695759/,,"['tôi chọn khối học', 'có môn tôi yêu', 'thích', 'nhưng khối đó lại', 'có môn tôi ghét']"
5240406175971653,Đàn ông đang tiến hóa để không còn phụ thuộc vào phụ nữ nữa chăng 🤨🤨🤨? #meme #mongaddduyet,2022-03-07 21:37:22,,"['Có thể là hình ảnh về 2 người và văn bản cho biết \'ĐÀN ÔNG NGÀY CÀNG KHÁC... Đàn ông có sữa CUNARX ÔngTho CCIP Đàn ông ""chửa"" T\'']",https://m.facebook.com/groups/3162507603761531/permalink/5240406175971653/,,"['ĐÀN ÔNG NGÀY CÀNG KHÁC', 'Đàn ông có sữa', 'OngTho', 'Mot', 'Đàn ông', '""chửa""', 'f']"
5555297414482526,#Stolen,2022-06-27 14:38:03,,['Không có mô tả ảnh.'],https://m.facebook.com/groups/3162507603761531/permalink/5555297414482526/,,"['Tôi và thắng em trai đã có 1 cuộc thi', 'xem ai nin thở lâu hơn', 'Và nó đã ở đó như vậy được 6 tiếng rồi lan', 'c', 'Tôi thật sự tự hào về nóa', 'e']"
1512517599676702,Kiên nhẫn nhắc lại được hong,2023-11-03 20:59:24,,"['Có thể là hình ảnh về 1 người và văn bản cho biết \'Không ai cả: Tui nói ""hả"" cả chục lần vì tai tui không hoạt động\'']",https://m.facebook.com/groups/625122365082901/permalink/1512517599676702/,,"['Không ai cả:', 'Tui nói ""hà"" cả chục lần vì', 'tai tui không hoạt động']"
6707772122568377,,2023-07-01 23:39:34,,['Không có mô tả ảnh.'],https://m.facebook.com/groups/3162507603761531/permalink/6707772122568377/,,"['Cuối cùng, người bố cũng đã tìm ra kẻ', 'đã làm con gái mình có bầu']"
811443632872515,,2021-07-31 13:11:03,,['Không có mô tả ảnh.'],https://m.facebook.com/groups/vietnammemes/permalink/811443632872515/,,"['con ong ở bên hoa kì được gọi', 'như thế nào?', 'USB', '+diepowo']"
889058525462191,Ayo wtf dude :)),2023-01-10 17:45:34,,['Không có mô tả ảnh.'],https://m.facebook.com/groups/551218279246219/permalink/889058525462191/,,"['Cock', 'Boobsor butt?', 'Waitit was', 'Wannase', 'k?', 'ajoke', 'myic', 'surprises', 'moonebole']"
347464894431601,Đứa nào?,2023-11-06 08:54:56,,"[""Có thể là hình ảnh về 1 người và văn bản cho biết 'Tôi bố ơi,ở trường có đứa bắt nạt con. Bố: bạn bè trêu nhau tí thôi mà. Bà:'""]",https://m.facebook.com/groups/vnmeme/permalink/347464894431601/,,"['Tôi: bố ơi, t ướng có đứa bắt nạt', 'con.', 'Bố: bạn bè trêu nhau tí thôi mà.', '0', 'Bà:']"
5038008939625026,,2022-02-21 19:38:46,,['Không có mô tả ảnh.'],https://m.facebook.com/groups/groupnaykhonghevui/permalink/5038008939625026/,,"['Cô ấy: thật im lặng, có lẽ anh ấy đang', 'suy nghĩ về một người phụ nữ khác 4', 'Tôi: Nếu mình xóa thùng rác ở trên', 'pc thì nó sẽ đi đâu nhỉ 24', 'GROUPNEY', 'KHÔNGHÊ VUI']"
3435705553420622,Có gì đâu mà làm quá 😅,2023-01-24 21:13:42,,['Không có mô tả ảnh.'],https://m.facebook.com/groups/tiemtaphoameme/permalink/3435705553420622/,,"['ATTICHSOMONG', 'trời ơi sao mày tạt', 'nó đấm con', 'nó con nít mà có', 'axit con tao?', 'mèo của cháu', 'biết gì đâu chị', 'gần chết', 'vài tháng lạ thắng', 'làm quá lên làm gì']"
4938979169447690,cháu à🎅,2021-12-14 21:02:43,,['Không có mô tả ảnh.'],https://m.facebook.com/groups/3162507603761531/permalink/4938979169447690/,,"['SANIA', 'SANTA', 'anxood']"
3592776707713505,😭😭😭😭😭😭😭,2023-08-27 10:53:25,,"[""Có thể là hình ảnh về văn bản cho biết 'Kì nghỉ hè kết thúc: Học sinh Game thủ'""]",https://m.facebook.com/groups/tiemtaphoameme/permalink/3592776707713505/,,"['Kì nghỉ hè kết thúc:', 'Game thủ', 'Học sinh']"
4524898130936112,Oh no ....,2021-09-25 20:56:00,,['Không có mô tả ảnh.'],https://m.facebook.com/groups/groupnaykhonghevui/permalink/4524898130936112/,,"['vivm', 'QUẢNG BÁ DI SẢN TRỰC TUYẾN KHÔNG CÒN LA TINH THE', '24', '11551009116868 (VND), 21110371116868 (USD) và 21110142996868 (EUR)', 'Tại', 'VIVIO']"
5660318997313700,#mongadduyet,2022-08-03 21:30:44,,['Không có mô tả ảnh.'],https://m.facebook.com/groups/3162507603761531/permalink/5660318997313700/,,"['Cách tạo 1 vụ nổ:', 'Cách tạo 1 ngọn lửa']"
1485597392368723,"Nhiếp ảnh gia, chuyên gia cap màn hình :))",2023-09-22 18:54:15,,"[""Có thể là hình ảnh về điện thoại và văn bản cho biết 'ALTE LTE Album b.MVY Khi bạn tôilà nhiếp ảnh gia 243 2.874 12 6.421 36 nương tiện Video Anh selfie Live Photos cảnh Anh Anh toan time-lapse Chụp liên tục Anh Bànghimànhinh Bản ghi màn hình màn hình Tiện ich Nhập trung Mụctrunglặp lặp Mục 579 544 TikTok @emngocpummm'""]",https://m.facebook.com/groups/625122365082901/permalink/1485597392368723/,,"['POLLER', 'Abum', '6vvi', 'Khi bạn tôi là nhiếp ảnh gia', 'hương tiện', '243', '2.87', 'Video', 'Anh selfie', 'as', 'Live Photos', 'Anh toàn cảnh', 'Anh time lapse', '84210', '36', 'Chụp liên tục', 'Ảnh màn hình', 'Bàn ghi màn hình', '579', '544', 'Tiện ích', 'Triktok', 'Nhập', 'Mục trùng lập', 'Cemngocpummm', 'Bjan']"
1493417498253379,Là sao vậy mng,2023-10-04 19:50:36,,"[""Có thể là hình ảnh về văn bản cho biết 'Lát 9h em học xong á, anh đến đón em không? 19:26 Được 19:27 Không muốn thì đừng có đến không ai ép'""]",https://m.facebook.com/groups/625122365082901/permalink/1493417498253379/,,"['Lát 9h em học xong á, anh đến đón', 'J', 'em không?', '19:26', 'Được', '19:27', 'Không muốn thì đừng có đến', 'không ai ép']"
5208074042538200,,2022-02-24 14:06:38,,['Không có mô tả ảnh.'],https://m.facebook.com/groups/3162507603761531/permalink/5208074042538200/,,"['""Học sinh đang rất háo hức khi', 'Thời sự:', 'được trở lại trường học""', 'Học sinh trong lúc đó:', 'himglip.com']"
3201776079966976,,2023-11-02 18:17:13,,"[""Có thể là hình ảnh về văn bản cho biết 'xin lỗi ae tôi đã tạch'""]",https://m.facebook.com/groups/3004858506325402/permalink/3201776079966976/,,"['xinloiae', 'tôi đã tach']"
3166230087034838,,2022-03-04 21:29:22,,['Không có mô tả ảnh.'],https://m.facebook.com/groups/tiemtaphoameme/permalink/3166230087034838/,,"['LEGO TECHNIC', '42036', 'LTT', 'STROODS']"
1346929886235475,em se khong doi nua,2023-03-13 18:52:17,,['Không có mô tả ảnh.'],https://m.facebook.com/groups/625122365082901/permalink/1346929886235475/,,"['Anh biết là em sẽ đợi.', 'Em biết là anh sẽ đến.', 'vercamons']"
3611514405839735,Cre:Stolen,2023-09-22 19:30:12,,"[""Có thể là hình ảnh về văn bản cho biết 'con gái có quyền phá thai, con trai có quyền bỏ con zj thôu 3 giờ Trả lời 2'""]",https://m.facebook.com/groups/tiemtaphoameme/permalink/3611514405839735/,,"['V', 'con gái có quyền phá thai, con trai có', 'quyền bỏ con zj thôu', 'D2', 'Trả lời', '3 giờ']"
786779628672249,True,2021-06-21 17:38:42,,['Không có mô tả ảnh.'],https://m.facebook.com/groups/vietnammemes/permalink/786779628672249/,,"['- Áo chống đạn được phát minh vào năm 1893', '- Lính trước năm 1893:', 'nokie', 'NOKA', 'NOKIAN', 'Nokia', 'z', 'E', 'z']"
1442990576629405,Hihi chủ tịch,2023-08-02 20:51:21,,['Không có mô tả ảnh.'],https://m.facebook.com/groups/625122365082901/permalink/1442990576629405/,,"['Cpuchishiro', 'Học vừa đất vừa', 'nhưng tra mạng thấy', 'mình có cai nốt ruồi son', 'và rác tin tương sau này', 'nó sẽ làm lên chuyện']"
3063327647325083,meme nha` lam` :)),2021-10-19 19:10:30,,['Không có mô tả ảnh.'],https://m.facebook.com/groups/tiemtaphoameme/permalink/3063327647325083/,,"['CTRLASHIFTEN', 'People who', 'People', ""don't know"", 'who know']"
5918874284791502,:Stl,2022-10-30 12:43:00,,['Không có mô tả ảnh.'],https://m.facebook.com/groups/3162507603761531/permalink/5918874284791502/,,"['Mẹ: M vừa đi chơi điện tử', 'về phải không?', 'Tôi: Ở sao mẹ biết', 'Tóc tôi']"
3571932429797933,Ngon 💀,2023-07-29 16:56:25,,['Không có mô tả ảnh.'],https://m.facebook.com/groups/tiemtaphoameme/permalink/3571932429797933/,,"['Sắp thua thì team bạn có một đứa', 'A.F.K', '0', 'O', 'O']"
3052662331724948,,2021-10-06 09:29:02,,['Không có mô tả ảnh.'],https://m.facebook.com/groups/tiemtaphoameme/permalink/3052662331724948/,,['Olli']
3537324096592100,,2023-06-11 22:01:37,,['Không có mô tả ảnh.'],https://m.facebook.com/groups/tiemtaphoameme/permalink/3537324096592100/,,"['Nhìn di', 'Thắng này ko có người yêu']"
4901845776494363,,2021-12-03 18:55:38,,['Không có mô tả ảnh.'],https://m.facebook.com/groups/3162507603761531/permalink/4901845776494363/,,"['Một chứ la thg là thầy', 'THẦY THẾ DỤC:', 'clideo']"
6090907037588225,,2022-12-24 15:44:55,,['Không có mô tả ảnh.'],https://m.facebook.com/groups/3162507603761531/permalink/6090907037588225/,,"['HO', 'HO', 'E', 'me', 'm', 'Home homelli', 'Hoho meme']"
392757736018238,Buồn của trùm,2022-07-02 18:27:27,,['Không có mô tả ảnh.'],https://m.facebook.com/groups/109979550962726/permalink/392757736018238/,,"['Mày nghĩ mà là trùm ư?', 'Mày chỉ trìm ở đây thôi', '0', 'người hơn mày', '- trùm trường t', 'Thật vậy ư', 'Cuối cùng thì trùm trường', 'cũng chỉ là cái mác gần theo', 'ta cho đến khi ra trường:', 'Mangungtaal']"
1477972159797913,omg luôn á,2023-09-11 19:04:46,,"[""Có thể là hình ảnh về bể bơi và văn bản cho biết '5p trước Trang àaa m phải tin t nó không tốt đâu chia tay diiiiiiiiii 5p sau chào anh em là bạn thân của Trang nghe nói anh mới chia tay hả đừ«ng có bùn nha có en ở đây gòi'""]",https://m.facebook.com/groups/625122365082901/permalink/1477972159797913/,,"['5p trước', 'Trang àaa', 'm phải tin t', 'nó không tốt đâu', 'chia tay diiiiii', '5p sau', 'chào anh', 'em là bạn thân của Trang', 'nghe nói anh mới chia tay hả tri', 'đừng có bùn nha', 'có en ở đây gòi']"
5128480303830908,#stolen,2022-01-30 20:26:37,,['Không có mô tả ảnh.'],https://m.facebook.com/groups/3162507603761531/permalink/5128480303830908/,,"['NHỮNG TIN', 'EV', 'NHÂN HÀI HƯỚC', 'TÔI KHI NHÂN', 'TIN VỚI AI ĐÓ']"
3285933575064488,Cre:me  Pềct🔥...,2022-08-02 18:12:00,,['Không có mô tả ảnh.'],https://m.facebook.com/groups/tiemtaphoameme/permalink/3285933575064488/,,"['Tôi vừa ăn xong bất mi tôm', 'Cơm nguội', 'Nước mi tôm']"
5049765568369049,..,2022-01-13 11:27:35,,['Không có mô tả ảnh.'],https://m.facebook.com/groups/3162507603761531/permalink/5049765568369049/,,['Ancuraminhness']
5294077220604548,,2022-03-27 17:21:50,,['Không có mô tả ảnh.'],https://m.facebook.com/groups/3162507603761531/permalink/5294077220604548/,,"['Drivers putting S50 in their car today', '1700', '0', 'Vivilian']"
3102938053364042,,2021-12-10 15:40:49,,['Không có mô tả ảnh.'],https://m.facebook.com/groups/tiemtaphoameme/permalink/3102938053364042/,,"['Con gái khi đi đám cưới bạn thân: ""Mình sẽ', 'mặc một bộ váy thật đẹp để có thể tự tin bước', '""lên chúc mừng cô ấy""', 'Con trai khi đi đám cưới bạn thân:', 'TRATATE']"
1416230455972084,,2023-06-28 20:10:53,,['Không có mô tả ảnh.'],https://m.facebook.com/groups/625122365082901/permalink/1416230455972084/,,"['""Nước mắt không đến từ não mà', 'là từ trái tim...', 'rezaiszywo2']"
6685156608163262,☠,2023-06-25 09:29:02,,['Không có mô tả ảnh.'],https://m.facebook.com/groups/3162507603761531/permalink/6685156608163262/,,"['Mất điện mùa', 'đông', 'Mất điện mùa', 'hè']"
1348253629436434,thật ý =)),2023-03-15 20:12:08,,['Không có mô tả ảnh.'],https://m.facebook.com/groups/625122365082901/permalink/1348253629436434/,,"['Thứ tui hay làm mất lúc nhỏ', 'Hvutrugenz']"
1389118858683244,#TCLCTCT,2023-05-20 13:53:20,,['Không có mô tả ảnh.'],https://m.facebook.com/groups/625122365082901/permalink/1389118858683244/,,"['KHI NHỮNG GÌ MÀY ÔN ĐỀU', 'XUẤT HIỆN TRONG BÀI THI KIỂU', 'DIEBURGERS']"
1456578445270618,🙏🏻,2023-08-16 19:39:09,,"[""Có thể là hình ảnh về 2 người và văn bản cho biết 'Phim kinh dị tuần sau pshoengsnh Học ở lầu 3'""]",https://m.facebook.com/groups/625122365082901/permalink/1456578445270618/,,"['Phim kinh dị tuần sau', 'Học ở lầu 3']"
3563725583951951,#stolen,2023-07-17 18:40:41,,['Không có mô tả ảnh.'],https://m.facebook.com/groups/tiemtaphoameme/permalink/3563725583951951/,,"['điểu thuốc tàn', 'anh nhặt lên', 'bú lại', 'bạn khốn nạn', 'anh chẳng ngại', 'bú cu']"
1509328993328896,Bạn thân ơi t màu xanh m màu hồng =))  Ord chiếc bàn chải cute cho các cặp đôi nè: https://shope.ee/4fV936Fsae,2023-10-29 09:33:36,,"[""Có thể là hình ảnh về lược chải tóc và văn bản cho biết 'ទរ & 小红书 小红书 ID: 408919817'"", ""Có thể là hình ảnh về văn bản cho biết 'ONINSSS 小红书 小红书 ID: 408919817'"", ""Có thể là hình ảnh về lược chải tóc, đồ chơi và văn bản cho biết '超可爱的包装！ 月 物 皆可 萌 万物 皆可 萌 小紅书 妃 小红书 ID: 408919817'"", ""Có thể là hình ảnh về văn bản cho biết '牵牵爪~ 小红书 小红书 ID: 408919817'"", ""Có thể là hình ảnh về lược chải tóc và văn bản cho biết '小红书 小红书 ID: 40891981'""]",https://m.facebook.com/groups/625122365082901/permalink/1509328993328896/,,"['Es', 'IJISIPS', 'JUIDIANS']"
1479451509649978,Đọc cái tao tỉnh liền luôn bây=))),2023-09-13 20:08:38,,"[""Có thể là hình minh họa về điện thoại và văn bản cho biết '13:51 Thứ Ba, 24 tháng ThứBa,24tháng 5 Anh Thiếu em anh sống không nổi bây giờ'""]",https://m.facebook.com/groups/625122365082901/permalink/1479451509649978/,,"['13:51', 'Thứ Ba, 24 tháng 5', 'Anh', 'bây giờ', 'Thiếu em anh sống không nổi']"
3256479441343235,Không phụ lòng mẹ luôn :)) #stolen,2022-06-27 16:06:37,,['Không có mô tả ảnh.'],https://m.facebook.com/groups/tiemtaphoameme/permalink/3256479441343235/,,"['Đừng kén cá chọn cánh nữa nhiều đil', 'Cas', 'muling', 'GS', 'GD', 'STS']"
5083893448369908,,2022-03-09 20:47:49,,['Không có mô tả ảnh.'],https://m.facebook.com/groups/groupnaykhonghevui/permalink/5083893448369908/,,"['- Giấc mơ của con gái?: OMG. Mơ được', 'kết hôn với crush của mình II', '- Trong khi đó giấc mơ củn trai?;', 'MẶC ĐỒ VÀO ĐI CHÀNG TRAI', 'GROUP NÀY', 'KHÔNG HẾ VUI', 'CHÚNG TA PHẢI ĐỊ CỨU LŨ TRÊ']"
893305048370872,Thôi hẹn năm sau con lại về,2023-01-17 10:55:42,,['Không có mô tả ảnh.'],https://m.facebook.com/groups/551218279246219/permalink/893305048370872/,,"['tôi về quê và mong chờng', 'mẹ tôi : thế ny mày đâu?']"
6799673093378279,Thời gian,2023-07-28 12:16:03,,['Không có mô tả ảnh.'],https://m.facebook.com/groups/3162507603761531/permalink/6799673093378279/,,"['Trở về thăm nhà sau 1 quãng thời gian', 'dài và phát hiện mắt của bà đã mờ đi', 'và không còn nhận ra mày là ai nữa']"
3284150915242754,,2022-07-31 11:55:49,,['Không có mô tả ảnh.'],https://m.facebook.com/groups/tiemtaphoameme/permalink/3284150915242754/,,"['NOBODY:MẤY ĐỨA PHÊN', 'KIẾU THỊ TH', 'RTX', 'BÊN NGOÀI', 'STRA', 'BENCTRONG', 'STRI', 'ica']"
341596121685145,Chú ý😟,2023-10-26 15:46:00,,"[""Có thể là hình ảnh về 1 người và văn bản cho biết 'Thành viên chú ý chỉ 1 tuần nữa là đến tháng 11'""]",https://m.facebook.com/groups/vnmeme/permalink/341596121685145/,,"['Thành viên chú ý', 'chi 1 tuần nữa là', 'đến tháng 11']"
4924533970892210,Cre: me Max fresh,2021-12-10 10:58:08,,['Không có mô tả ảnh.'],https://m.facebook.com/groups/3162507603761531/permalink/4924533970892210/,,"['Hình ảnh tôi vừa cửi tay', 'dùng để thoa dầu gió của mình']"
6655445467801043,hôm nay là sinh nhật tui :3,2023-06-17 06:28:11,,['Không có mô tả ảnh.'],https://m.facebook.com/groups/3162507603761531/permalink/6655445467801043/,,"['ăn bánh cùng tui đi:3', 'SRINDY', 'hôm nay sinh nhật tui:3', 'làm một cốc milo không pri']"
1475903550004774,"""Trên mạng em xinh thế này chắc ngoài đời còn xinh hơn nữa ha, nào mình gặp nhau nha"" Tôi:",2023-09-08 20:01:32,,['Không có mô tả ảnh.'],https://m.facebook.com/groups/625122365082901/permalink/1475903550004774/,,['200']
1380687916193005,🥹🥹🥹🥹,2023-05-07 20:52:54,,['Không có mô tả ảnh.'],https://m.facebook.com/groups/625122365082901/permalink/1380687916193005/,,"['Khi tui cổ gắng hoà nhập', 'với nhóm con gái trong lớp', 'HcotsongGenze']"
4398537546905505,,2021-08-16 18:42:53,,['Không có mô tả ảnh.'],https://m.facebook.com/groups/groupnaykhonghevui/permalink/4398537546905505/,,"['Qu ch nhan sử dụng không?', 'ALL', 'IMAGES', 'NEWS', 'VIDEOS', 'MAPS', 'Thuốc lá không hết hạn sử dụng nhưng', 'người hút thuốc lá thì có', 'Oct 27, 2006', 'Người viết ra điều này', 'TICKTOCK', 'MUTHAFUCKAIN']"
3083086188682562,Ngon ăn hiếp tao hộ cái.,2021-11-13 21:39:43,,['Không có mô tả ảnh.'],https://m.facebook.com/groups/tiemtaphoameme/permalink/3083086188682562/,,"['Mày gà nhưng được top 1', 'sever cho trang bị vip kiểu']"
1385286845733112,Đời☺,2023-05-14 19:50:54,,['Không có mô tả ảnh.'],https://m.facebook.com/groups/625122365082901/permalink/1385286845733112/,,"['55 (A', '45', 'B', '34 (A', '46', 'B', '35', 'Va', '47 (A', 'B', '36 (A', '48', 'B', 'A', '37 A', '49', 'B', 'A']"
5659501714062095,Qua da man 💀,2022-08-03 15:26:36,,['Không có mô tả ảnh.'],https://m.facebook.com/groups/3162507603761531/permalink/5659501714062095/,,"['01:11', 'S', 'VNEXPRESS', 'EQ', 'Mới nhất', 'Thời sự', 'Góc nhìn', 'Thế giới', 'Điểm tin 23h: Bà Pelosi tới', '1', 'Đài Loan; Lừa tiền 1.000', '17', 'nông dân qua chương trình', 'GIO', 'Điểm Tin', 'Trái tim Việt Nam']"
3603532473304595,,2023-09-11 17:45:27,,"[""Có thể là hình ảnh về 1 người và văn bản cho biết 'FB:MINH HÃA 3. Thầy giáo nhìn hai bím xinh xinh của Hà, vui vẻ nói: -Đừng khóc, bím của em đẹp lâm!'""]",https://m.facebook.com/groups/tiemtaphoameme/permalink/3603532473304595/,,"['FB:MINH HÒA', '13 3, Thầy giáo nhìn hai bím xinh xinh của Hà, vẻ nam', 'nói:', 'Đừng khóc, bím của em đẹp lâm""']"
3060446364279878,:< #stolen,2021-10-15 22:21:01,,['Không có mô tả ảnh.'],https://m.facebook.com/groups/tiemtaphoameme/permalink/3060446364279878/,,"['TRƯỚC', 'KHI MAY TAO', 'RA1 CAI', 'MEME CHẤT LƯƠNG', 'NHUNG CAI MEME', 'CHẤT LƯƠNG CUA', 'MÀY LAI KHÔNG ĐƯỢC', 'DUYẾT MÀ THAY VÀO', 'ĐÓ LÀI CÁI MEME', 'NHAT VỚI CHƯ TAM HUYET', 'mallip cam']"
822687285081483,Meta giờ chiến quá,2021-08-17 23:21:18,,['Không có mô tả ảnh.'],https://m.facebook.com/groups/vietnammemes/permalink/822687285081483/,,"['tuổi 17', 'Xưa', 'Tôi sẽ lên đường nhập ngũ', 'Nay', 'mẹ ơi bạn con gọi']"
5701632046515728,Mission Failed  Nhiệm vụ thất bại,2022-08-18 15:03:42,,['Không có mô tả ảnh.'],https://m.facebook.com/groups/3162507603761531/permalink/5701632046515728/,,"['Vivins', 'VỤ TRỘM NGÂN HÀNG BÁT THÀNH HY HỮU ITALY', '24', 'medlavty240gmailicom', '1.30', 'Đang đào hầm để trộm ngân hàng thì', '24', 'hầm sập, khiến tên trộm bị mắc kẹt la', 'VTV24.549 N ượt xem 5 ngày trước']"
4611446608867616,Cre :elephant,2021-09-04 21:26:06,,['Không có mô tả ảnh.'],https://m.facebook.com/groups/3162507603761531/permalink/4611446608867616/,,"['Tớ muốn', 'dich', 'học', 'chuyên', 'tức thơi Được thôi đi', 'Piccolo;', 'Làm theo', 'tới', 'Như này phải', 'không?', 'dragon', 'trập trung năng lượng và nghĩ', 'đến nơi cần dịch chuyển', 'Hữm cok', 'BUM', 'Như này phải', 'không???', 'Ac']"
6681688201843436,,2023-06-24 08:02:52,,['Không có mô tả ảnh.'],https://m.facebook.com/groups/3162507603761531/permalink/6681688201843436/,,"['66', 'Bạn giật đồ', 'của 1 tên trộm', 'thử xem, nó sẽ', 'làm gì 3 báo', 'cảnh sát à 3', '99']"
3615181225473053,😭,2023-09-27 19:08:09,,"[""Có thể là hình ảnh về 1 người và văn bản cho biết 'Hãy tìm chỗ trống trải chiến đấu'""]",https://m.facebook.com/groups/tiemtaphoameme/permalink/3615181225473053/,,['Hay tìm chỗ trống trải chiến đấu']
3102964863361361,,2021-12-10 16:30:43,,['Không có mô tả ảnh.'],https://m.facebook.com/groups/tiemtaphoameme/permalink/3102964863361361/,,"['Tôi đất tên game là', 'doạ người chơi khác:', 'OThechinnest', 'Thanh niên TQ suy nghĩ tại', 'sao tên tôi là ""ảnh khiêu', 'dâm trứng dái cá mập con""', 'OThechinnest', 'm', 'm']"
4217087041717224,Tự hủy =)))))),2021-06-16 11:50:46,,['Không có mô tả ảnh.'],https://m.facebook.com/groups/groupnaykhonghevui/permalink/4217087041717224/,,"['UAE', 'VIE', '45:07', 'FIFA', 'HU TUNG', 'Huấn Hoa Hồng Tr', 'Chán mấy ông nội đầu Trọc', '4.033', 'Trả lời', 'Thích', '20 phút', '003300']"
2831633646978324,,2023-09-22 20:35:27,,"[""Có thể là hình ảnh về văn bản cho biết 'Vừa ngủ dậy, có gì hot?'""]",https://m.facebook.com/groups/2638581819616842/permalink/2831633646978324/,,"['Vừa ngủ dậy, có gì hot?']"
5705529822792617,Người đâu rước dâu💍,2022-08-19 22:14:52,,['Không có mô tả ảnh.'],https://m.facebook.com/groups/3162507603761531/permalink/5705529822792617/,,"['ÔI KHÔNG: MÌNH ĐÃ', 'Đừng lo, em đã di chuyển', 'vào chỗ an toàn và', 'ngủ quên và quên', 'save game lại rồi', 'save game lại giùm rồi']"
3097562053901642,Phiêu lưu về miền cực lạc:)))),2021-12-03 09:15:32,,['Không có mô tả ảnh.'],https://m.facebook.com/groups/tiemtaphoameme/permalink/3097562053901642/,,"['Nobody', 'Đứa bạn thân của tôi kỗi khi côở tôi', 'trên xe của nó kiểu:', 'Phiêu lưu cùng tốc độ']"
1451689209092875,Lót gạch cả ngày cuối cùng cũng xong..,2023-08-11 19:11:53,,['Không có mô tả ảnh.'],https://m.facebook.com/groups/625122365082901/permalink/1451689209092875/,,"['1', '1']"
6897279007031334,,2023-10-10 16:01:03,,"[""Có thể là hình ảnh về 1 người và văn bản cho biết 'i 8SATIRE.COM Nhân viên nhà xác giả vờ chết trong ngày cá tháng tư và bị đem đi hoả táng Windows XP X i T”kailed successfully. OK'""]",https://m.facebook.com/groups/groupnaykhonghevui/permalink/6897279007031334/,,"['8SATIRE.COM', 'Nhân viên nhà xác giả vờ chết trong ngày', 'các cá tháng tư và bị đem đi hoả táng', 'Windows XP', 'i', 'Task failed successfully.', 'OK']"
4667795899899353,,2021-09-22 13:35:28,,['Không có mô tả ảnh.'],https://m.facebook.com/groups/3162507603761531/permalink/4667795899899353/,,"['99700', 'MANINATE', '1% pin còn lại']"
1473183836943412,M có bt là t chờ ngày này lâu lắm rồi hk,2023-09-04 19:51:25,,"[""Có thể là hình ảnh về văn bản cho biết 'KHI CÓ AI ĐÓ KHEN TÃI DẠO NÀY CHƠI GAME HAY QUÁ cùng cũng có người nhận ra°'""]",https://m.facebook.com/groups/625122365082901/permalink/1473183836943412/,,"['KHI CÓ AI ĐÓ KHEN TÔI', 'DẠO NÀY CHƠI GAME HAY QUÁ', 'cuối cùng cũng có người nhận ra']"
345597127951711,,2023-11-02 20:27:54,,"[""Có thể là hình ảnh về văn bản cho biết 'Vấn đề kĩ năng Kĩ năng có vấn đề Nywert'""]",https://m.facebook.com/groups/vnmeme/permalink/345597127951711/,,"['Vấn đề kĩ năng', 'Kĩ năng có vấn đề']"
3364001067257738,😴😴😴😴😴,2022-11-02 20:11:29,,['Không có mô tả ảnh.'],https://m.facebook.com/groups/tiemtaphoameme/permalink/3364001067257738/,,"['Không ai cả:', 'Lỗ mũi tôi vào ban', 'đêm']"
6693092990702957,Cre: trên hình,2023-06-27 17:51:37,,['Không có mô tả ảnh.'],https://m.facebook.com/groups/3162507603761531/permalink/6693092990702957/,,"['các lương y trên mạng', 'khi được hỏi cách chữa', 'liệt dương:', 'Doulble Tamarinds']"
3383160272008484,,2022-11-25 06:30:30,,['Không có mô tả ảnh.'],https://m.facebook.com/groups/tiemtaphoameme/permalink/3383160272008484/,,"['Typical Những người trên bàn nhậu(P1)', 'Ngồi soi thắng nào uống', 'Mồm To bũ được 2 ly ngất', '?Chú không uống là', 'Quan hệ rộng(nên bị mời', 'uống lòi trị)', '(nhậu về được ialbum ảnh dìm)', 'không nế anh', 'Thầng nào không', 'Quelhtan', 'We make', 'meme', 'Hội chị em diệt mổi', 'Pha bia với nước lọc', 'Chiến Thần ethanol', 'Đi muộn nên bị phạt uống 5 ly', '(uống bia như nước lã)', '(bắn vcb)']"
6885690458109875,🤓,2023-08-23 10:57:08,,"[""Có thể là hình ảnh về văn bản cho biết 'Mih cưới nhau nhe'""]",https://m.facebook.com/groups/3162507603761531/permalink/6885690458109875/,,['Mih cưới nhau nhe']
4298167793609148,,2021-07-14 18:37:18,,['Không có mô tả ảnh.'],https://m.facebook.com/groups/groupnaykhonghevui/permalink/4298167793609148/,,"['Thẳng bạn mập', 'Tôi tìm cách bóp', 'dzú của nó', 'ngồi cạnh', 'filulities']"
4780546908704565,,2021-12-14 11:15:51,,['Không có mô tả ảnh.'],https://m.facebook.com/groups/groupnaykhonghevui/permalink/4780546908704565/,,"['3:58', '1 ngày trong cuộc sống của 1 thất', 'bại', 'Cường Nguyễn Alex- 887 N lượt xem trước']"
6696067223738867,Đào được meme cổ,2023-06-28 14:31:07,,['Không có mô tả ảnh.'],https://m.facebook.com/groups/3162507603761531/permalink/6696067223738867/,,"['Anh chỉ em cách tán', 'gái nhanh nhất được', 'không?', 'Lấy ví dụ', 'Lấy ví dụ gì?', 'Lấy', 'dy']"
3179890645488853,🐧,2023-10-03 20:27:55,,"[""Có thể là hình ảnh về văn bản cho biết 'SỮA NGON TỪ CÃC BAN BÃ VUI'""]",https://m.facebook.com/groups/3004858506325402/permalink/3179890645488853/,,"['SỮA', 'NGON TƯ', 'CÁC BAN', 'BO VUI']"
3748925641786388,Lạ vl #LikeShare,2020-11-07 18:04:56,,['Không có mô tả ảnh.'],https://m.facebook.com/groups/3162507603761531/permalink/3748925641786388/,,"['11 pm:', '2 am:', 'Meme For', 'Lost Soul', '8 phút nữa báo', '4 am:', 'thức kêu']"
3179837075494210,,2023-10-03 18:56:31,,"[""Có thể là hình ảnh về văn bản cho biết '↑ Thằng trên là vợ anh'""]",https://m.facebook.com/groups/3004858506325402/permalink/3179837075494210/,,"['T', 'Thắng trên là vợ anh']"
4628415377170739,,2021-09-10 08:52:15,,['Không có mô tả ảnh.'],https://m.facebook.com/groups/3162507603761531/permalink/4628415377170739/,,"['Không ai:', 'Chân tui đang đi bình thường thì:']"
5201134246565513,khi tui cắm nhiều dây vào điện thoại Cái dt kiểu:,2022-02-22 10:04:40,,['Không có mô tả ảnh.'],https://m.facebook.com/groups/3162507603761531/permalink/5201134246565513/,,"['KIMOCHARIN', 'os']"
3084308571893657,Nobody #thichsomong,2021-11-15 10:31:54,,['Không có mô tả ảnh.'],https://m.facebook.com/groups/tiemtaphoameme/permalink/3084308571893657/,,"['meme của tôi', 'spamhao', 'những góp ý', 'handdkk', 'giupmeme', 'của tôi ngày', 'buhllink', 'cànghayhon', 'sẽ']"
3392499117741266,,2022-12-06 11:25:52,,['Không có mô tả ảnh.'],https://m.facebook.com/groups/tiemtaphoameme/permalink/3392499117741266/,,"['Bạn vui mừng vì', 'ngày nào cũng', 'được ăn', 'hamburger, khoai', 'tây chiên, m', 'pt', 'Chợt nhớ ra bố bạn', 'là shipper', 'ACY']"
6210861229006452,tốt nhất đừng phản tao!,2023-03-27 23:56:36,,['Không có mô tả ảnh.'],https://m.facebook.com/groups/groupnaykhonghevui/permalink/6210861229006452/,,"['Tớ là một bế Ngoan', 'Chơi với tớ rất an toàn', 'Nhưng Nếu cậu thủ đoạn', 'TỚ SẼ KHỐN NẠN GẤP ĐÔI', 'Quote', 'PHOR']"
288532163658208,Stolen đc quả meme dảk quá ae #Vnmeme,2023-07-19 08:19:10,,"[""Có thể là hình ảnh về 6 người, mọi người đang cười và văn bản cho biết '9hourso ago Tao và thằng bạn thân cùng yêu một người, bọn tao không đánh nhau hay tranh chấp mà cùng học cách chấp nhận, vì đó mới là tình bạn. J@cacanhvuinhon139'""]",https://m.facebook.com/groups/vnmeme/permalink/288532163658208/,,"['9 hours ago', 'Tao và thẳng bạn thân cùng yêu một người, bọn tao nha', 'không đánh nhau hay tranh chấp mà cùng học', 'cách chấp nhận, vì đó mới là tình bạn.', 'Jocacanhvuinhonist']"
3564493970541779,,2023-07-18 21:02:51,,['Không có mô tả ảnh.'],https://m.facebook.com/groups/tiemtaphoameme/permalink/3564493970541779/,,"['NHÀ TRỂ', 'Dừng lại, hãy nghĩ tới', 'lũ trẻ']"
787301758620036,sang chấn tâm lý luôn :)),2021-06-22 15:59:03,,['Không có mô tả ảnh.'],https://m.facebook.com/groups/vietnammemes/permalink/787301758620036/,,"['thanh niên đến tuổi 17', 'CON TRÂU:', 'Hm']"
3512575352400308,,2023-05-08 01:10:11,,['Không có mô tả ảnh.'],https://m.facebook.com/groups/tiemtaphoameme/permalink/3512575352400308/,,"['Panik', 'Kalm', 'HES', 'Panik']"
3323535584637620,nocap:)),2022-09-19 06:22:08,,['Không có mô tả ảnh.'],https://m.facebook.com/groups/tiemtaphoameme/permalink/3323535584637620/,,"['YOUTUBER KHI MUA CON GÀ NGOÀI CHỢ RỐI', 'MANG VÔ RỪNG NƯỚNG:', 'SINH TON']"
1490295471898915,☀️Que cay: https://shope.ee/99wmWG47X7,2023-09-29 09:46:33,,['Có thể là hình ảnh về thực phẩm'],https://m.facebook.com/groups/625122365082901/permalink/1490295471898915/,,"['1J12115', '0311332202060898']"
3250775391913640,Khi bạn ho...,2022-06-20 12:31:27,,['Không có mô tả ảnh.'],https://m.facebook.com/groups/tiemtaphoameme/permalink/3250775391913640/,,"['Google', 'Doctor', 'Phải uống', 'Ung thư phổi.', 'thuốc và', 'uống đủ', 'nước', 'C', 'thường', 'xuyên']"
1391136818481448,KHÔNG CẦN HOA CẦU KỲ VÌ MÓN Q.U.À NÀY LÀ “JUST FOR U”🫶🫶🫶  👉Đây là chỗ tui m.u.a hộp q.u.à trong s.u.ố.t: https://shope.ee/3VF74DHjwu  👉Hoặc ở đây: https://shope.ee/qELtLMgUM  👉C.u.ộ.n ruy băng siu cute để th.ắ.t nơ nè: https://shope.ee/9epkPbsmmZ  💥Ở đây sẵn set quà lun nà 👉 https://shope.ee/6Usidp8hx6,2023-05-23 08:33:10,,"['Không có mô tả ảnh.', 'Không có mô tả ảnh.', 'Không có mô tả ảnh.', 'Không có mô tả ảnh.', 'Không có mô tả ảnh.']",https://m.facebook.com/groups/625122365082901/permalink/1391136818481448/,,"['sonhavuithayba', 'NOA XOAY', 'HOBAOD', 'Barking', 'N.', 'HOV', '1000;', 'verw', 's', 'e', 'SOLUDES', 'aain', 'V', 'g', 's', 'Bring']"
4108119592533656,Bực vãi l luôn :) #TAJ,2021-03-18 18:32:33,,['Không có mô tả ảnh.'],https://m.facebook.com/groups/3162507603761531/permalink/4108119592533656/,,"['Hình ảnh của một số bạn nữ đang', 'trên đường tính sổ người yêu sau', 'khi phát hiện nó vừa tim ảnh gái', 'Memefor', 'Lostsoul', 'butwhocares']"
3097598177051434,Ao nhây💀💀 Cre: lụm,2023-06-23 23:53:22,,['Không có mô tả ảnh.'],https://m.facebook.com/groups/3004858506325402/permalink/3097598177051434/,,"['AFK từ năm 1912', 'nhưng vẫn ăn pentakill', 'Titanic', 'HAnhkliam']"
3619393195051856,no cap,2023-10-03 17:42:42,,['Có thể là hình ảnh về 1 người và văn bản'],https://m.facebook.com/groups/tiemtaphoameme/permalink/3619393195051856/,,"['Tuỗi thọ đàn ông khi họ lấy', 'trồ nghịch ngu làm thước đo', 'cho bần lĩnh', 'Udc', 'ol', 'OLLI', 'Okhoiye', '08ST', 'Nottop', 'OESS', 'stinks', 'rog', 'VIESO', 'cna']"
4846551605357114,,2021-11-17 07:56:06,,['Không có mô tả ảnh.'],https://m.facebook.com/groups/3162507603761531/permalink/4846551605357114/,,"['? Bác sĩ khuyên tui giảm béo để', 'có sức khỏe tốt hơn', '+ Thân hình của bác sĩ:']"
4881672971844977,Dorae-Dảk,2021-11-27 18:55:58,,['Không có mô tả ảnh.'],https://m.facebook.com/groups/3162507603761531/permalink/4881672971844977/,,"['NÓ CÓ THỂ ĐỰA', 'ĐÂY LÀ', 'CHỨNG TA ĐẾN', 'BẢO BỐI', 'TƯƠNG LAI ĐẤY', 'CÁI TÚ', 'TƯƠNG', ""LAI'"", 'TỚ MUỐN', 'ĐẾN TƯƠNG', 'ĐƯỢC CHỨ;', 'LAI 20 NĂM', 'CHÙI VÀO', 'SAU CHƠI', 'TỦ CHỜ TÍ', 'ĐƯỢC', 'LÀ ĐƯỢC', 'KHÔNG3', '2000000000', 'CHỜ BAO', 'LÂU THÌ ĐẾN', '20 NĂM', 'Nơr']"
3102374433240475,Sách bài tập của đứa cháu nó lạ lắm,2023-06-29 15:36:31,,['Không có mô tả ảnh.'],https://m.facebook.com/groups/3004858506325402/permalink/3102374433240475/,,"['Bài 2:', 'CADING', 'Có 365 Kg gạo đổ', 'đều vào 7 bao', 'Hỏi', '0', 'cần có mấy bao để', 'đựng hết số gạo', 'đó?']"
323880706790020,Mêm đầu tay vì bên blcksvine ko duyệt :v,2023-09-25 09:14:43,,"[""Có thể là hình ảnh về 1 người và văn bản cho biết 'Gọi tôi là kẻ hậu đậu vì tôi đã lỡ Lam roi tim cau Senpai'""]",https://m.facebook.com/groups/vnmeme/permalink/323880706790020/,,"['Gọi tôi là kẻ hậu đìu vì tôi đã lỡ', 'Lam roi tim cau', 'Senpai']"
5235757283183523,,2022-05-05 13:23:47,,['Không có mô tả ảnh.'],https://m.facebook.com/groups/groupnaykhonghevui/permalink/5235757283183523/,,"['Điện thoại 1GBRAM', 'của mẹ tôi với 78', 'tab Chrome đang bật', 'Laptop 8GB RAM', 'của tôi với 3 tab', 'Chrome đang bật', 'GROUPNEY', 'KHÔNG HẾ VUI']"
6870546132957641,thứ xàm nhất là bản thân ông.,2023-08-18 19:55:17,,"[""Có thể là hình ảnh về văn bản cho biết 'ĐỪNG BUỒN BRO MEME CỦA ÔNG KHÔNG PHẢI THỨ XÀM NHẤT ĐÂU'""]",https://m.facebook.com/groups/3162507603761531/permalink/6870546132957641/,,"['ĐỪNG BUỒN BRO', 'MEME CỦA ÔNG KHÔNG PHẢI THỨ', 'XÀM NHẤT ĐÂU']"
4484429524982973,,2021-09-13 14:33:19,,['Không có mô tả ảnh.'],https://m.facebook.com/groups/groupnaykhonghevui/permalink/4484429524982973/,,"['Đjtme may', 'Quang Vinh replied tổ trưởng tổ dọn cức đái nhanh', 'Đjtme may', 'Sao m lại địt người chết']"
1208856173131257,#mongadduyet,2023-04-26 21:26:43,,['Không có mô tả ảnh.'],https://m.facebook.com/groups/vietnammemes/permalink/1208856173131257/,,"['Bạn lỡ đánh rơi ví, ai sẽ chạm vào', '1', 'ví của bạn trước ?', 'IMBLESSINGS', 'PENDING', 'Vi khuẩn', 'anh Năm', '+phong hoà ngô']"
1394691028126027,,2023-05-28 19:32:18,,['Không có mô tả ảnh.'],https://m.facebook.com/groups/625122365082901/permalink/1394691028126027/,,"['CHUYỂN KHOÁN THÀNH CÔNG', '500,000 VND', 'Mẹ ơi, sao tự nhiên mẹ chuyển cho', 'con vậy?', 'Otruyen.nguoc', 'Giáo viên chủ nhiệm của em trai', 'con vừa gọi điện cho mẹ, nói rằng', 'em trai con lại yêu sớm', 'Mẹ cảm thấy buồn lắm, bao nhiêu', 'năm trôi qua, mà con vẫn là người', 'duy nhất trong nhà độc thân.', 'Con đi ăn gì cho đỡ buồn đi nhé']"
2810457399095949,Bức tranh khiến người khác phải xấu hổ... Nam chính thật bá đạo!🤣,2023-08-25 09:20:53,,"['Có thể là hình ảnh về 2 người và văn bản cho biết \'Thần Minh Thành_Y Ngươi...ôm chặt quá rồi... Lôi Đắc /tay vòng ấn gáyy hôn/ Thần /mở to mắt bất ngờ/ Ư?! Thần Minh Thành_Y Chuyện ...đang xảy vặy... Thấy vẫn chưa hiểu tình hiện tại đưa y nhéo vào 20 của ngay miệng đau thì Lôi Đắc đã nhân dhộ mà luồn lười vào trong khoang miệngy cản quét. Thần Minh Thành_Y /khó thở, đập tay vào người hắn/ Ư...Um... LôiĐắcVũ /tách liêm môi Đúng vẫn ngọt như lần dầu. Thần Minh Thành_ /đỏ mặt, thở dá‘c/ Hộc... Ngươi...làm há?! Thần Minh Thành_Y 1 Đây không chính boy sao?!""\'']",https://m.facebook.com/groups/2638581819616842/permalink/2810457399095949/,,"['Thần Minh Thành Y', 'Ngươi... mm chặt quá rồi...', 'Lôi Đắc Vũ', '/tay vòng ra sau ấn gáy y hôn/', 'Thần Minh Thành Y', '/mờ to mất bất ngờ/ ưới', 'Thần Minh Thành..', 'Chuyện gi.. đang xáy ra vậy...', 'Then thấy y vẫn có vẻ chưa hiều tình hình hiện tại nên đã đưa tay ra nhéo vào eo của y, ngay khi hả', 'nhà miệng ra vì đau thì Lôi Đắc Vũ đã nhân cơ hội mà luồn lưới vào trong khoang miệng y càn quét. nha nha', 'Thần Minh Thành Y', '/khó thờ, dập tay vào người hần/ ư. nam', 'Lõi Đắc Vũ', 'tách ra, liếm môi y/ Đúng là văn ngọt như lần dầu', 'Thần Minh Thành Y', '/đò mặt, thờ dốc/ Hộc.. Nâm gì há?', 'Thần Mính Thành', ""Đã Đây không lễ chính là boy tâm cơ sao71' nham""]"
3481803328810844,anh bạn mặc quả áo chiến phết đấy,2023-03-23 16:28:03,,['Không có mô tả ảnh.'],https://m.facebook.com/groups/tiemtaphoameme/permalink/3481803328810844/,,"['VIVI THỊ THC TUY NGHỆ TUONG LAI', 'VIVE', 'TRONG TRƯỜNG HỌP', 'TRONG TRƯƠNG HOP', 'TRONG', 'ING HOP', 'TRONG', 'NG HỘP', '20:53', 'TRONGT', 'NGHOP', '24', 'RONGI', 'EGHAR']"
1388545382073925,tao có vậy đâu =)),2023-05-19 20:03:32,,['Không có mô tả ảnh.'],https://m.facebook.com/groups/625122365082901/permalink/1388545382073925/,,"['3', 'Đây là H', 'Từ nhỏ H đã bố láo', 'Đừng như H']"
5027778320648088,,2022-02-18 12:42:43,,['Không có mô tả ảnh.'],https://m.facebook.com/groups/groupnaykhonghevui/permalink/5027778320648088/,,"['Tôi lúc nhỏ vẫn chưa', 'hiểu tại sao bố lại bắn', 'sữa chua lên người tôi', 'E', 'E', '1', 'e']"
6679785512033705,🌚,2023-06-23 18:46:10,,['Không có mô tả ảnh.'],https://m.facebook.com/groups/3162507603761531/permalink/6679785512033705/,,"['Exp/1,517', 'U', 'Exp/1,522', 'D', 'Exp 55']"
1473173726944423,Chắc 2k8 háo hức lắm,2023-09-04 19:37:22,,['Có thể là hình ảnh về 4 người và văn bản'],https://m.facebook.com/groups/625122365082901/permalink/1473173726944423/,,['LỚP 10A9']
5567729719905962,#Stolen 1 cau chuyen bun,2022-07-01 21:23:25,,['Không có mô tả ảnh.'],https://m.facebook.com/groups/3162507603761531/permalink/5567729719905962/,,"['Cô giáo: Bài toán này rất dễ, các em', 'B', 'có thể dễ dàng giải trong 3 bước', '- Thắng bé ngồi xe lăn:', 'majoelains']"
3296148957376283,Tôi thấy con chuột đi ỉa thật,2022-08-15 21:53:54,,['Không có mô tả ảnh.'],https://m.facebook.com/groups/tiemtaphoameme/permalink/3296148957376283/,,"['Các kiểu người phát ngôn', 'part2 : D', 'Trimmanda', 'Lắm mồm', 'Bị chen mồm', 'Chiến thần dỏm', '- mồm ko nhặt được', '-nói chưa xong có thẳng', 'spam woman', 'giới phụ nữ là máy rửa - làm gi cũng nói, ngây cả', 'chen họng', 'khi ko ai nghe', '- Giả bộ quên khi được kêu', '- Tưởng ngầu', '""hôm bữa tao thấy con chuột', 'kể tiếp', 'đi ia""', 'Bị quên', 'Trẻ mới lớn', 'Fuckboy', '- tinh tế từng câu', '- đạng định nói thì quên', '- cặk chưa nhú nhưng mở mồm là nha', '- Cố gắng nhớ xem dang định', 'nói', 'làm tình', '- ở nhà ngoan như cún, gặp người', '- thơ văn gụ đạ', 'nói gì', 'lạ thì chửi tục', '- lúc giải tán rồi thì lại nhớ được', '- dú em hơi căng có', '- ko biết kiểm soát ngôn từ', 'thế em vằng hơi']"
5846501538695444,"Khi tk bạn qua nhà tôi chơi mà sợ ba mẹ tôi ,nên nó cứ nấp sau tường Tôi kiểu: :))) meme đầu tay",2022-10-07 17:17:18,,['Không có mô tả ảnh.'],https://m.facebook.com/groups/3162507603761531/permalink/5846501538695444/,,"['Ổn mà, cứ ra đi']"
3300132273332396,Đạo lý cùng gumball #1,2020-06-07 19:23:49,,['Không có mô tả ảnh.'],https://m.facebook.com/groups/3162507603761531/permalink/3300132273332396/,,"['Khi bạn buồn hãy úp mặt xuống 1 cái', 'hồ nước', 'Vì khi trong nước bạn không thể khóc']"
3296518064006039,"Meme nhà làm,có gì ae góp ý nhẹ nhàng Cre:me #j4f",2022-08-16 09:38:45,,['Không có mô tả ảnh.'],https://m.facebook.com/groups/tiemtaphoameme/permalink/3296518064006039/,,"['SÁCH GIÁO KHOA', 'Phải nống đủ 2 lit', 'Discontrationality', 'KHÁT THÌ UỐNG']"
372237614736917,Ae bình tĩnh thua kèo này ta bày kèo khác,2022-05-29 11:22:36,,['Không có mô tả ảnh.'],https://m.facebook.com/groups/109979550962726/permalink/372237614736917/,,"['Vàng Từng Trải', '000', '2022', '- Yêu thích - 9 giờ', 'Thắng làm vua thua bán page', '3 1', 'LIVERPOOL']"
1246648079352066,Hãy gọi anh là Onii-chan,2023-07-07 16:54:19,,['Không có mô tả ảnh.'],https://m.facebook.com/groups/vietnammemes/permalink/1246648079352066/,,"['Huy:Ridozi', 'Tân :Chikato', 'Khoa: Zurimoka', 'Khải :Durikaki', 'Đức: Tedomi', 'Nhật: Torikachi', 'Hưng: Ridotoji', 'Phong:Nurimoko', 'Thành: Chirikako', 'Quang :Kedokato', 'Hạo:Rikamo', 'Bình: Tukitori', 'Tuấn : Chidukato', 'Lộc :Memomi', 'Thắng: Chirikatako Nhựt: Toridochi', 'Minh: Takitori', 'Phát: Norikachi', 'Thái: Chirikaki', 'Đại : Tekaki.', 'Hiểu : Rikikudo', 'Ân: Kato', 'Tú :Chido.', 'Tiền : Chikiko', 'Nam: Tokata', 'Việt : Rukikuchi', 'Chiến : Miriko', 'Giang : Tezukate', 'Hải :Rikaki', 'Kiên : Dukiko', 'Vương: Rudomoko Phú:Norido', 'Trường: Chishidoko Trọng:Chishimoko Tùng:Chidoto', 'Chương :Ridomote', 'Anh:Katori', 'Phúc :Noridomi', 'Hào: Rikamo', 'Thanh :Chirikate', 'Mạnh: Takatori', 'Vinh: Rukitori', 'Triều : Chishikato', 'Hải: Rikaki', 'Trung: Chishiko', 'Đăng: Tekatozi', 'Đông: Temutoko', 'Định: Tekitori', 'Sơn :Yomato', 'Toàn :Chimokato', 'Thiên: Chirikito', 'Hoàng: Rimukatato', 'Hoàng: Rimukata', 'Hiệp: Rikikono', 'Kiệt: Rikikuchi', 'Khánh DDrikato', 'Dũng TTddotoji', 'Tài :Chikaki', 'Ninh Tokitori', 'Lực :Medomi', 'Quân :Kedutoka', 'Vĩnh :Rukitori', 'Bắc Tukami', 'Phước :Noridote', 'Bảo: Tokamo', 'Lâm MMkkta', 'Bằng: Tukamite', 'Văn: Rukato', 'Tiến: Chikiko', 'Khôi : Durimoki', 'Công :Mimoteki', 'Quốc: Redokata', 'Long :Memutozi', 'Cường:Dukateri', 'Hoà:Rimuka', 'Thiện :Chirikiko', 'An KKtato', 'Duy:Tedozi', 'Tần:Chikato', 'Hiền:Rikiko']"
2806550279486661,Rất là me's me's=)))))),2023-08-19 19:04:26,,"['Có thể là hình minh họa về văn bản', 'Có thể là hình ảnh về mèo và văn bản', 'Có thể là hình ảnh về văn bản', ""Có thể là hình ảnh về 2 người và văn bản cho biết '23:42 Thằng này khá Thằng này khá Sử dụng lá bài này khi bạn thấy thằng Nào đó được vl'"", 'Có thể là hình ảnh về 1 người và văn bản']",https://m.facebook.com/groups/2638581819616842/permalink/2806550279486661/,,['23:43']
2813458425462513,,2023-08-29 12:43:56,,['Có thể là hình ảnh về 9 người và văn bản'],https://m.facebook.com/groups/2638581819616842/permalink/2813458425462513/,,"['Nhà trường lắp camera', 'Học sinh', 'dookhunglongmatmang']"
6709204165758506,Miễn là con thấy vui :),2023-07-02 10:32:10,,['Không có mô tả ảnh.'],https://m.facebook.com/groups/3162507603761531/permalink/6709204165758506/,,"['Quà sinh nhật cho công chúa nhỏ', 'Hơi đắt 1 chút nhưng không sao', 'công chúa của bố thích là được', 'RPSS', 'YAGING']"
6795075853918317,:)),2023-09-14 20:22:24,,"[""Có thể là hình ảnh về 1 người và văn bản cho biết 'Tinh trùng anh được Phật độ cre Tưdg hao vì nó phát ra từ bi'""]",https://m.facebook.com/groups/groupnaykhonghevui/permalink/6795075853918317/,,"['Tinh trùng anh được Phật độ', 'Carmanaches', 'vì nó phát ra từ bi']"
3220045664986613,,2022-05-13 11:08:38,,['Không có mô tả ảnh.'],https://m.facebook.com/groups/tiemtaphoameme/permalink/3220045664986613/,,"['- Tôi: Mày học ngành gì đấy', '- Bạn tôi: ừthì', '""Thiết kế nội thất""', '- Vẫn là bạn tôi:', 'Anh: Vô Hoài Thanh']"
6544271795665392,Gay cấn thật,2023-07-05 22:40:19,,['Không có mô tả ảnh.'],https://m.facebook.com/groups/groupnaykhonghevui/permalink/6544271795665392/,,"['cre:Tương', 'Hai thắng', 'Gay', 'Gặp chuyện', 'Gay Cấn']"
3524401511217692,Burh,2023-05-25 04:36:06,,['Không có mô tả ảnh.'],https://m.facebook.com/groups/tiemtaphoameme/permalink/3524401511217692/,,"['REDIFIDING', 'Redideed', 'Start', 'Connectionheliness', 'forthistapplication', 'Olam dhf']"
1491983791730083,Tặng em 1 nhành hoa không tàn và mối tình không phai 🥰  O đờ ở đây để tặng ny nehh 👉https://shope.ee/9KGIdJisFQ,2023-10-02 09:41:49,,"[""Có thể là hình ảnh về 1 người, đồ chơi và văn bản cho biết 'sqng sq 小红书 小红书 D: 9697792543'"", 'Có thể là hình ảnh về đồ chơi, lược chải tóc và văn bản', ""Có thể là hình ảnh về đồ chơi, bệnh viện và văn bản cho biết 'MORs图W 小红书 小红书 9697792543'"", 'Có thể là hình ảnh về đồ chơi', 'Có thể là hình ảnh về đồ chơi']",https://m.facebook.com/groups/625122365082901/permalink/1491983791730083/,,"['sque', '1J14175', 'JITIDE9999792543']"
5831711080174490,Fan MU hôm nay kiểu,2022-10-02 21:09:19,,['Không có mô tả ảnh.'],https://m.facebook.com/groups/3162507603761531/permalink/5831711080174490/,,"['Tức cảnh Pác Bó ? Hồ Chí Minh', 'Sáng ra bờ suổi, tổi vào hang,', 'Cháo bẹ, rau măng vân săn sàng', 'Bàn đả chông chênh dịch sử Đảng,', 'Cuộc đời cách mạng thật là sang.']"
1476675346594261,Vì sao??,2023-09-09 21:48:03,,['Có thể là hình ảnh về 1 người và văn bản'],https://m.facebook.com/groups/625122365082901/permalink/1476675346594261/,,"['Vì sao con gái', 'hiếm khi nhắn tin trước', 'CONTEVIS']"
1510614999866962,Anh ấy tặng tôi vì tôi ăn đủ 3 bữa 🥹  🎁Set quà Gấu🍓 ở đây nè 👉 https://shope.ee/LMEAcDhsA,2023-10-31 12:28:43,,"['Có thể là hình ảnh về đồ chơi và văn bản', 'Có thể là hình ảnh về đồ chơi và văn bản', 'Có thể là hình ảnh về dâu tây, đồ chơi và văn bản', 'Có thể là hình ảnh về đồ chơi và văn bản']",https://m.facebook.com/groups/625122365082901/permalink/1510614999866962/,,['STHANKVOUT']
3142205662770614,Cre:me :3,2022-02-01 15:13:15,,['Không có mô tả ảnh.'],https://m.facebook.com/groups/tiemtaphoameme/permalink/3142205662770614/,,"['Nhà tôi ăn tết xong...', 'Mấy con nhện:', 'SPIDERMAN', 'Hometoming']"
4945570672121873,onii ii,2021-12-16 10:38:10,,['Không có mô tả ảnh.'],https://m.facebook.com/groups/3162507603761531/permalink/4945570672121873/,,"['Mày lôi đống dây ra đây làm gì?', 'Yên tâm mọi người sẽ hiểu thôi']"
3269348250056354,={{{{{{{{{{{,2022-07-12 21:26:07,,['Không có mô tả ảnh.'],https://m.facebook.com/groups/tiemtaphoameme/permalink/3269348250056354/,,"['MÀY MỚI TỎ TÌNH VỚI CRUSH, NHƯNG MÀU..', 'Hentaiz', 'Lôi con cu cậu ra để tớ xem xét cái đã.']"
4773961342696455,,2021-12-12 10:08:59,,['Không có mô tả ảnh.'],https://m.facebook.com/groups/groupnaykhonghevui/permalink/4773961342696455/,,['1 love you Jack']
5208970875862164,,2022-04-25 19:20:37,,['Không có mô tả ảnh.'],https://m.facebook.com/groups/groupnaykhonghevui/permalink/5208970875862164/,,"['Ne0 16:58, Hôm nay', 'k', 'Tôi đã djt con hamster của tôi đến chết, tôi có phải', 'I', 'kẻ tâm thần ko?', 'Cơ bản thì tôi đang djt con hamster của tôi, như tôi', 'vẫn thường làm, nhưng tôi quên rút c3c tôi ra.Con', 'hamster bị chảy cum ra từ hai mắt và miệng.Sau đó', 'nó phát nỏ. Tôi ko thấy có chút hối hận nào. Tôi có', 'phải thắng tâm thần ko?']"
1270447200305487,,2023-08-26 11:14:29,,"[""Có thể là hình ảnh về 1 người và văn bản cho biết 'Hơn nhau là ở cái đầu bạn ạ InShOb'""]",https://m.facebook.com/groups/vietnammemes/permalink/1270447200305487/,,"['Hơn nhau là ở cái', 'đầu ban a', 'Inshot']"
3115768451890238,?,2023-11-07 20:56:20,,"[""Có thể là hình ảnh về văn bản cho biết 'Mấy thăng thua NNN: Loc 168 bình luận も dcmconm tạch hôm qua rái đáng lẽ tôi không nên đến viện dưỡng lão 20 giờ Trả lời 52'""]",https://m.facebook.com/groups/vnmemes/permalink/3115768451890238/,,"['Mấy thắng thua NNN', 'Loc', '168 bình luận', 'a dcmconms', 'bulling', 'tạch hôm qua rồi', 'đáng lẽ tôi không nên', 'đến viện dưỡng lão', 'Trả lời', '52', '20 giờ']"
5650845808261019,Ở đây có mim sạch: Meme Sạch,2022-07-31 14:07:30,,['Không có mô tả ảnh.'],https://m.facebook.com/groups/3162507603761531/permalink/5650845808261019/,,"['THE FASTEST', 'THINGS ON EARTH', 'ecest', 'AIRPLANE', 'CHEETAH', '1', 'Tốc độ comment của', 'mem trong group này', 'SPEED OF LIGHT']"
298347906009967,,2023-08-07 20:16:51,,['Không có mô tả ảnh.'],https://m.facebook.com/groups/vnmeme/permalink/298347906009967/,,"['Thát Sơn Huyền Bi', 'câu chuyện thoát khoi', 'remind', 'ông út thoát khởi remind', 'Binh ngày nghuyên cuu']"
980057459344464,,2022-05-01 19:47:20,,['Không có mô tả ảnh.'],https://m.facebook.com/groups/vietnammemes/permalink/980057459344464/,,"['Messenger', 'bây giờ', 'Bạn có thông báo mới.', 'Nguyễn Phong Quân', 'Nguyễn Phong Quân', 'Thembanise', '00 Nhấn tín', 'Từng học tại Cao Đằng Hải Dương', 'Sống tại Hải Dương', 'Đến từ Hài Dương', 'Xem thông tín giới thiệu của Phong Quần', 'Đây là cháu cô đúng kại', 'Tin nhắn chưa đọc', 'Đúng rồi', 'You can now message and call each other and see info like', ""Active Status and when you've read messages"", 'Đánh dấu là đã đọc', 'Tắt thông báo', 'Lưu trữ', 'vis']"
3486937091630801,umxinloi,2023-03-31 08:14:44,,['Không có mô tả ảnh.'],https://m.facebook.com/groups/tiemtaphoameme/permalink/3486937091630801/,,"['Tôi mắc bệnh hoàn hảo và sạch', 'sẽ nhưng tôi lại cực kì lười']"
4637058749639735,Cre : by me Mong ad duyệt bài,2021-09-13 01:07:52,,['Không có mô tả ảnh.'],https://m.facebook.com/groups/3162507603761531/permalink/4637058749639735/,,"['Q', 'loli', 'Mua sắm', 'Tất cả', 'Hình ảnh']"
5753493061329626,,2022-09-05 20:07:57,,['Không có mô tả ảnh.'],https://m.facebook.com/groups/3162507603761531/permalink/5753493061329626/,,"['Arsenal', 'cây làm chẳng lên', 'non', 'LANCHESTS', 'cây chụm lại lên', 'hòn núi cao', 'UNITED']"
7160575047288080,:(,2023-11-03 11:33:03,,"[""Có thể là hình minh họa về văn bản cho biết 'Có bố mẹ ly dị Có bố mẹ đá¡ng lẽ ra nên ly dị nhưng ở lại vì con cái'""]",https://m.facebook.com/groups/3162507603761531/permalink/7160575047288080/,,"['Có bố mẹ ly dị', 'Có bố mẹ đáng lẽ ra nên', 'ly dị nhưng ở lại vì con cái']"
3637951366529372,Stl,2023-10-30 21:19:59,,"[""Có thể là hình ảnh về 1 người và văn bản cho biết 'Vết nứt tại Nam Cực đang ngày càng một lớn hơn. @SimpnMild Tất cả là tại con sóc kia và quả sái của nó.'""]",https://m.facebook.com/groups/tiemtaphoameme/permalink/3637951366529372/,,"['Vết nứt tại Nam Cực đang ngày càng', 'một lớn hơn', '0', 'OSimpnMild', 'Tất cả là tại con sóc kia và quả sồi của nó']"
7165286313483620,🫡,2023-11-04 18:00:36,,"['Có thể là hình ảnh về \u200e2 người và \u200evăn bản cho biết \'\u200eBật max volum khi nào 5v5 Volume ר Mute �>) Bác Hồ Đọc ""Tuyên Ngôn Độc Lập"" 2/9/1945 Bản Đầy Đủ Nhất em hem\u200e\'\u200e\u200e']",https://m.facebook.com/groups/3162507603761531/permalink/7165286313483620/,,"['Bật max volum khi nào', 'volume', 'IVS', 'Mutes', 'Bác Hồ Đọc Tuyên Ngôn Độc Lập 1945', 'Bản Đầy Đú Nhất', 'ABBANDICIONALIZES', 'seminam']"
4207288016030460,,2021-06-12 19:44:42,,['Không có mô tả ảnh.'],https://m.facebook.com/groups/groupnaykhonghevui/permalink/4207288016030460/,,"['đang thua game thì một', '130 thi bắt', 'anh bạn tên', '11', 'đầu vào server', 'Odiniswithuu']"
3592907161033793,Có ai dám chê ko nhỉ🤔,2023-08-27 15:33:59,,"[""Có thể là hình ảnh về 2 người và văn bản cho biết 'ĐÂYLÀ ANDRE RUSH, ÔNG LÀ BẾP TRƯỞNG CỦA NHÀ TRẮNG NĂM 2018. ĐƯỢC BIẾT THÌ CHƯA AI DÁM CHE NHỮNG MÃN MÀ ÔNG NẤU FastingeA.D.c CHEF USP CHEP RUSH'""]",https://m.facebook.com/groups/tiemtaphoameme/permalink/3592907161033793/,,"['ĐÂY LÀ ANDRE RUSH, ÔNG LÀ BẾP TRƯỞNG', 'P', 'CỦA NHÀ TRẮNG NĂM 2018. ĐƯỢC BIẾT THÌ', '0', 'CHƯA AI DÁM CHÊ NHỮNG MÓN MÀ ÔNG NẤU', 'oc', 'chiffer', 'Chir mut']"
3575775529413623,,2023-08-03 17:58:55,,['Không có mô tả ảnh.'],https://m.facebook.com/groups/tiemtaphoameme/permalink/3575775529413623/,,"['Con trai sau khi', 'Nói ô, dị hỏ, ghê dị trừi, chét nha', 'con di chui ui hong']"
848028456231865,Nhóm 10k thành viên mà không có nổi 1 người đăng bài vậy ? Tương tác lại với nhóm đi mọi người. Xin lỗi mọi người nếu có phiền nhé @mọi người,2022-11-11 20:31:01,,['Không có mô tả ảnh.'],https://m.facebook.com/groups/551218279246219/permalink/848028456231865/,,['Cho em 10 meme mới nhất)']
298884265956331,Chit chit chit,2023-08-08 20:39:45,,['Không có mô tả ảnh.'],https://m.facebook.com/groups/vnmeme/permalink/298884265956331/,,"['Lịch chit', 'vk', 'sat', 'wed thurs', 'tues', 'fri', 'sun', 'mon', 'ban', 'chit', 'ban', 'chit', 'ban', 'tha', 'chit', 'tum lum vao trong banh noc', 'tan bao', 'gon gang', 'nhe nhang']"
